https://avelino.xxx/usando-ipad-pro-como-laptop-principal/,https://avelino.run/usando-ipad-pro-como-laptop-principal/
http://avelino.xxx/usando-ipad-pro-como-laptop-principal/,https://avelino.run/usando-ipad-pro-como-laptop-principal/
https://avelino.xxx/keeping-open-source-projects---awesome-go/,https://avelino.run/keeping-open-source-projects---awesome-go/
http://avelino.xxx/keeping-open-source-projects---awesome-go/,https://avelino.run/keeping-open-source-projects---awesome-go/
https://avelino.xxx/prazo-no-desenvolvimento-de-software-qual-é-a-ciência-exata/,https://avelino.run/prazo-no-desenvolvimento-de-software-qual-é-a-ciência-exata/
http://avelino.xxx/prazo-no-desenvolvimento-de-software-qual-é-a-ciência-exata/,https://avelino.run/prazo-no-desenvolvimento-de-software-qual-é-a-ciência-exata/
https://avelino.xxx/encerrando-ciclos-viva-no-presente-não-se-paralise-pelo-passado/,https://avelino.run/encerrando-ciclos-viva-no-presente-não-se-paralise-pelo-passado/
http://avelino.xxx/encerrando-ciclos-viva-no-presente-não-se-paralise-pelo-passado/,https://avelino.run/encerrando-ciclos-viva-no-presente-não-se-paralise-pelo-passado/
http://avelino.us/2012/12/23/riak-alta-performance-nosql-para-seu-projeto/,https://avelino.run/riak-alta-performance-nosql-para-seu-projeto/
https://avelino.xxx/riak-alta-performance-nosql-para-seu-projeto/,https://avelino.run/riak-alta-performance-nosql-para-seu-projeto/
http://avelino.xxx/riak-alta-performance-nosql-para-seu-projeto/,https://avelino.run/riak-alta-performance-nosql-para-seu-projeto/
https://avelino.xxx/eu-nunca-mais-vou-empreender/,https://avelino.run/eu-nunca-mais-vou-empreender/
http://avelino.xxx/eu-nunca-mais-vou-empreender/,https://avelino.run/eu-nunca-mais-vou-empreender/
https://avelino.xxx/golang-c-and-python-the-benchmark-time/,https://avelino.run/golang-c-and-python-the-benchmark-time/
http://avelino.xxx/golang-c-and-python-the-benchmark-time/,https://avelino.run/golang-c-and-python-the-benchmark-time/
https://avelino.xxx/2013/08/new-framework-asynchronous-to-python3,https://avelino.run/new-web-framework-asynchronous-to-python-3/
https://avelino.xxx/criando-sistema-com-multithreaded-em-python/,https://avelino.run/criando-sistema-com-multithreaded-em-python/
https://avelino.xxx/a-volta-dos-que-nao-foram-software-livre-para-sempre/,https://avelino.run/a-volta-dos-que-nao-foram-software-livre-para-sempre/
http://avelino.xxx/criando-sistema-com-multithreaded-em-python/,https://avelino.run/criando-sistema-com-multithreaded-em-python/
http://avelino.xxx/a-volta-dos-que-nao-foram-software-livre-para-sempre/,https://avelino.run/a-volta-dos-que-nao-foram-software-livre-para-sempre/
https://www.avelino.xxx/2012/06/criando-package-modulo-em-node-js,https://avelino.run/criando-package-modulo-em-node-js
http://www.avelino.xxx/2012/06/criando-package-modulo-em-node-js,https://avelino.run/criando-package-modulo-em-node-js
https://www.avelino.xxx/2015/06/2015-06-15-nunca-mais-vou-empreender,https://avelino.run/eu-nunca-mais-vou-empreender/
http://www.avelino.xxx/2015/06/2015-06-15-nunca-mais-vou-empreender,https://avelino.run/eu-nunca-mais-vou-empreender/
http://avelino.xxx/eu-nunca-mais-vou-empreender/,https://avelino.run/eu-nunca-mais-vou-empreender/
https://avelino.xxx/eu-nunca-mais-vou-empreender/,https://avelino.run/eu-nunca-mais-vou-empreender/
https://avelino.xxx/business-intelligence-bi-application-server-written-in-python/,https://avelino.run/business-intelligence-bi-application-server-written-in-python/
http://avelino.xxx/business-intelligence-bi-application-server-written-in-python/,https://avelino.run/business-intelligence-bi-application-server-written-in-python/
http://www.avelino.xxx/2014/02/business-intelligence-bi-application-server-written-in-python-openmining,https://avelino.run/business-intelligence-bi-application-server-written-in-python/
https://avelino.xxx/encerrando-ciclos-viva-no-presente-não-se-paralise-pelo-passado/,https://avelino.run/encerrando-ciclos-viva-no-presente-não-se-paralise-pelo-passado/
https://avelino.run/empreendendo-em-seu-local-de-trabalho/,https://avelino.run/quote/2018-03-19-quote-empreendendo-em-seu-local-de-trabalho/
https://avelino.run/fazer-o-melhor-que-podemos-na-condição-que-tem-monja-coen/,https://avelino.run/quote/2018-03-27-fazer-o-melhor-que-podemos-na-condicao-que-tem/
https://avelino.run/medo-lute-contra-os-seus-medos-e-mude-seu-futuro/,https://avelino.run/quote/2018-05-13-lute-contra-os-seus-medos-e-mude-seu-futuro/
https://avelino.run/acelerar-no-caminho-errado-ou-desacelerar-para-chegar-onde-realmente-deve-chegar/,https://avelino.run/quote/2018-05-16-acelerar-no-caminho-errado-ou-desacelerar-para-chegar-onde-realmente-deve-chegar/
https://avelino.run/the-5am-club-just-crazy-to-do-it/,https://avelino.run/quote/2018-05-19-the-5am-club-just-crazy-to-do-it/
https://avelino.run/why-is-the-name-of-the-language-clojure/,https://avelino.run/quote/2018-05-21-why-is-the-name-of-the-language-clojure/
https://avelino.run/a-oportunidade-disfarçada-de-trabalho/,https://avelino.run/quote/2018-05-28-ann-landers-a-oportunidade-disfarcada-de-trabalho/
https://avelino.run/motivação-é-pessoal-encontre-oque-lhe-motiva-continuar/,https://avelino.run/quote/2018-08-13-motivacao-e-pessoal-encontre-oque-lhe-motiva-continuar/
https://avelino.xxx/go-vs-python-more-request-per-second/,https://avelino.run/go-vs-python-more-request-per-second/
https://www.avelino.xxx/2015/03/church-vim,https://avelino.run/church-vim/
https://avelino.xxx/2015/03/church-vim,https://avelino.run/church-vim/
http://avelino.xxx/2015/03/church-vim,https://avelino.run/church-vim/
http://www.avelino.xxx/2015/03/church-vim,https://avelino.run/church-vim/
https://avelino.run/trocando-forma-de-pensar-mudando-mindset-de-empreendedor-para-empregado/,https://avelino.run/trocando-forma-de-pensar-mudando-mindset-de-empresario-para-empregado/